compound,original_name,primary_flavor,flavor_strength,salt,fat,acid,heat,umami,sweet,bitter,aromatic
linalool,Linalool,aromatic,0.90,0.00,0.00,0.00,0.00,0.00,0.10,0.00,0.90
menthol,Menthol,aromatic,0.95,0.00,0.00,0.00,0.00,0.00,0.05,0.00,0.95
alpha_pinene,alpha-Pinene,aromatic,0.90,0.00,0.00,0.00,0.00,0.00,0.05,0.00,0.95
myrcene,Myrcene,aromatic,0.90,0.00,0.00,0.00,0.00,0.00,0.05,0.00,0.95
geraniol,Geraniol,aromatic,0.90,0.00,0.00,0.00,0.00,0.00,0.15,0.00,0.85
acetic_acid,Acetic acid,acid,0.90,0.00,0.00,0.90,0.00,0.00,0.10,0.00,0.00
citric_acid,Citric acid,acid,0.95,0.00,0.00,0.95,0.00,0.00,0.05,0.00,0.00
vanillin,Vanillin,aromatic,0.85,0.00,0.00,0.00,0.00,0.00,0.50,0.00,0.50
eugenol,Eugenol,aromatic,0.90,0.00,0.10,0.00,0.10,0.00,0.10,0.10,0.70
